{
  "global evidence": -9.685065797353364, 
  "modes": [
    {
      "index": 0, 
      "local log-evidence": -13.894982273537616, 
      "strictly local log-evidence": -15.038246135704116, 
      "local log-evidence error": 0.030016055845267037, 
      "maximum": [
        7.463625713277223, 
        7.457183785358867, 
        9.535547141191064, 
        9.979639942498672
      ], 
      "maximum a posterior": [
        7.463625713277223, 
        7.457183785358867, 
        9.535547141191064, 
        9.979639942498672
      ], 
      "sigma": [
        0.19683965426579256, 
        0.24570965172687032, 
        2.8945321786529705, 
        0.34008856365078943
      ], 
      "strictly local log-evidence error": 0.3221351069778754, 
      "mean": [
        7.524673752826766, 
        7.489365027694458, 
        5.21514925299274, 
        9.799100449111613
      ]
    }, 
    {
      "index": 1, 
      "local log-evidence": -10.03293504061315, 
      "strictly local log-evidence": -10.906154363041985, 
      "local log-evidence error": 0.020197478714991897, 
      "maximum": [
        7.202707529067993, 
        7.704604268074036, 
        9.121065139770508, 
        3.0894935131073
      ], 
      "maximum a posterior": [
        7.202707529067993, 
        7.704604268074036, 
        9.121065139770508, 
        3.0894935131073
      ], 
      "sigma": [
        0.3668824132086467, 
        0.363933363497915, 
        2.961910608079957, 
        1.0788194341732855
      ], 
      "strictly local log-evidence error": 0.03792805664549327, 
      "mean": [
        7.499644222050944, 
        7.501363895067009, 
        5.041499451075759, 
        2.4169990000813306
      ]
    }, 
    {
      "index": 2, 
      "local log-evidence": -11.481407054266306, 
      "strictly local log-evidence": -15.134720514948889, 
      "local log-evidence error": 0.017817956439973602, 
      "maximum": [
        2.526800036430359, 
        2.8857451677322388, 
        2.9876768589019775, 
        8.165750503540039
      ], 
      "maximum a posterior": [
        2.526800036430359, 
        2.8857451677322388, 
        2.9876768589019775, 
        8.165750503540039
      ], 
      "sigma": [
        0.23150787764863856, 
        0.2999227265559639, 
        2.8659195993293083, 
        3.3487017325092854
      ], 
      "strictly local log-evidence error": 0.09398752527565486, 
      "mean": [
        2.513579421176056, 
        2.6272619325640125, 
        5.004769392935655, 
        7.47096265220939
      ]
    }, 
    {
      "index": 3, 
      "local log-evidence": -11.864934266820036, 
      "strictly local log-evidence": -15.556819921760326, 
      "local log-evidence error": 0.019085275806762735, 
      "maximum": [
        2.5671622272490424, 
        2.608373107380986, 
        8.351188132534164, 
        0.015343868364514665
      ], 
      "maximum a posterior": [
        2.5671622272490424, 
        2.608373107380986, 
        8.351188132534164, 
        0.015343868364514665
      ], 
      "sigma": [
        0.1669642962779763, 
        0.17092633549785863, 
        2.8234949023458613, 
        0.08617593773354885
      ], 
      "strictly local log-evidence error": 0.11491146076069261, 
      "mean": [
        2.6014022927041305, 
        2.604705700141103, 
        5.208720386403478, 
        0.11719772242063174
      ]
    }
  ], 
  "nested sampling global log-evidence": -9.685065797353364, 
  "marginals": [
    {
      "5sigma": [
        0.000508427619934082, 
        9.999458424816291
      ], 
      "3sigma": [
        0.2021644251772938, 
        9.80620990785202
      ], 
      "median": 7.120265826595997, 
      "q90%": 9.032934423900363, 
      "q10%": 2.191402416518298, 
      "q25%": 2.8827926405762385, 
      "q01%": 1.1347474056830769, 
      "q75%": 7.683985122672584, 
      "1sigma": [
        2.4536894140059653, 
        7.9124368773139215
      ], 
      "2sigma": [
        1.5819158684531858, 
        8.622769438138585
      ], 
      "q99%": 9.032934423900363, 
      "sigma": 2.729373731653978
    }, 
    {
      "5sigma": [
        9.834766387939453e-05, 
        9.997980986497097
      ], 
      "3sigma": [
        0.3550331167299603, 
        9.772731653540484
      ], 
      "median": 7.116914326086398, 
      "q90%": 9.023740466528887, 
      "q10%": 2.3708867507876787, 
      "q25%": 3.0428861788120827, 
      "q01%": 1.354915211281396, 
      "q75%": 7.670430173905544, 
      "1sigma": [
        2.6398778670343446, 
        7.892214642761067
      ], 
      "2sigma": [
        1.7610611955051152, 
        8.635688793546507
      ], 
      "q99%": 9.023740466528887, 
      "sigma": 2.626168387863361
    }, 
    {
      "5sigma": [
        9.4049188338503e-05, 
        9.999841767840005
      ], 
      "3sigma": [
        0.012895929045385444, 
        9.989037797330354
      ], 
      "median": 4.994496041320889, 
      "q90%": 9.904360495970865, 
      "q10%": 0.9661910818692739, 
      "q25%": 2.4448837175256504, 
      "q01%": 0.08745293384278023, 
      "q75%": 7.580752097427977, 
      "1sigma": [
        1.5255124218427776, 
        8.481204896307652
      ], 
      "2sigma": [
        0.2270488407604029, 
        9.76318094348337
      ], 
      "q99%": 9.904360495970865, 
      "sigma": 3.4778462372324372
    }, 
    {
      "5sigma": [
        2.9893908956504987e-05, 
        9.999952954490352
      ], 
      "3sigma": [
        0.012786301860625692, 
        9.98943869520458
      ], 
      "median": 3.2446193180660594, 
      "q90%": 9.915980457176097, 
      "q10%": 0.8621482412368717, 
      "q25%": 1.916634315900592, 
      "q01%": 0.07720823301734578, 
      "q75%": 6.137297071413629, 
      "1sigma": [
        1.3567877328668372, 
        7.723599429805783
      ], 
      "2sigma": [
        0.19797721426615392, 
        9.769280996237885
      ], 
      "q99%": 9.915980457176097, 
      "sigma": 3.183405848469473
    }
  ], 
  "global evidence error": 0.02048029905958726, 
  "nested sampling global log-evidence error": 0.02048029905958726
}